source,target,distance_km,speed_kmh,road_type,congestion,travel_time_min,name
M00002,M00008,0.683,30,residential,0.271,1.874,Link 2-8
M00008,M00002,0.683,30,residential,0.271,1.874,Link 2-8
M00001,M00007,1.269,60,arterial,0.281,1.765,Link 1-7
M00007,M00001,1.269,60,arterial,0.281,1.765,Link 1-7
M00001,M00000,1.367,60,arterial,0.223,1.759,Link 1-0
M00000,M00001,1.367,60,arterial,0.223,1.759,Link 1-0
M00001,M00008,1.694,60,arterial,0.251,2.262,Link 1-8
M00008,M00001,1.694,60,arterial,0.251,2.262,Link 1-8
M00001,M00006,1.899,60,arterial,0.257,2.556,Link 1-6
M00006,M00001,1.899,60,arterial,0.257,2.556,Link 1-6
M00007,M00013,0.993,30,residential,0.221,2.549,Link 7-13
M00013,M00007,0.993,30,residential,0.221,2.549,Link 7-13
M00007,M00006,1.218,60,arterial,0.000,1.218,Link 7-6
M00006,M00007,1.218,60,arterial,0.000,1.218,Link 7-6
M00007,M00012,1.229,60,arterial,0.137,1.424,Link 7-12
M00012,M00007,1.229,60,arterial,0.137,1.424,Link 7-12
M00009,M00003,0.817,30,residential,0.279,2.266,Link 9-3
M00003,M00009,0.817,30,residential,0.279,2.266,Link 9-3
M00009,M00010,0.914,30,residential,0.057,1.938,Link 9-10
M00010,M00009,0.914,30,residential,0.057,1.938,Link 9-10
M00009,M00008,0.951,30,residential,0.382,3.078,Link 9-8
M00008,M00009,0.951,30,residential,0.382,3.078,Link 9-8
M00009,M00004,1.111,60,arterial,0.420,1.916,Link 9-4
M00004,M00009,1.111,60,arterial,0.420,1.916,Link 9-4
M00015,M00016,0.517,30,residential,0.448,1.873,Link 15-16
M00016,M00015,0.517,30,residential,0.448,1.873,Link 15-16
M00015,M00021,0.777,30,residential,0.652,4.466,Link 15-21
M00021,M00015,0.777,30,residential,0.652,4.466,Link 15-21
M00015,M00022,1.049,60,arterial,0.546,2.311,Link 15-22
M00022,M00015,1.049,60,arterial,0.546,2.311,Link 15-22
M00015,M00020,1.190,60,arterial,0.587,2.881,Link 15-20
M00020,M00015,1.190,60,arterial,0.587,2.881,Link 15-20
M00013,M00012,0.793,30,residential,0.097,1.756,Link 13-12
M00012,M00013,0.793,30,residential,0.097,1.756,Link 13-12
M00013,M00019,0.834,30,residential,0.508,3.390,Link 13-19
M00019,M00013,0.834,30,residential,0.508,3.390,Link 13-19
M00013,M00014,0.963,30,residential,0.511,3.939,Link 13-14
M00014,M00013,0.963,30,residential,0.511,3.939,Link 13-14
M00023,M00029,0.476,30,residential,0.340,1.442,Link 23-29
M00029,M00023,0.476,30,residential,0.340,1.442,Link 23-29
M00023,M00022,0.887,30,residential,0.496,3.520,Link 23-22
M00022,M00023,0.887,30,residential,0.496,3.520,Link 23-22
M00023,M00017,0.951,30,residential,0.360,2.972,Link 23-17
M00017,M00023,0.951,30,residential,0.360,2.972,Link 23-17
M00023,M00028,1.272,60,arterial,0.141,1.481,Link 23-28
M00028,M00023,1.272,60,arterial,0.141,1.481,Link 23-28
M00025,M00024,0.898,30,residential,0.376,2.878,Link 25-24
M00024,M00025,0.898,30,residential,0.376,2.878,Link 25-24
M00025,M00026,1.113,60,arterial,0.294,1.576,Link 25-26
M00026,M00025,1.113,60,arterial,0.294,1.576,Link 25-26
M00025,M00019,1.231,60,arterial,0.394,2.031,Link 25-19
M00019,M00025,1.231,60,arterial,0.394,2.031,Link 25-19
M00025,M00018,1.502,60,arterial,0.135,1.736,Link 25-18
M00018,M00025,1.502,60,arterial,0.135,1.736,Link 25-18
M00008,M00014,1.203,60,arterial,0.435,2.129,Link 8-14
M00014,M00008,1.203,60,arterial,0.435,2.129,Link 8-14
M00016,M00022,0.682,30,residential,0.463,2.540,Link 16-22
M00022,M00016,0.682,30,residential,0.463,2.540,Link 16-22
M00016,M00017,0.914,30,residential,0.505,3.693,Link 16-17
M00017,M00016,0.914,30,residential,0.505,3.693,Link 16-17
M00016,M00021,1.146,60,arterial,0.712,3.979,Link 16-21
M00021,M00016,1.146,60,arterial,0.712,3.979,Link 16-21
M00003,M00004,0.613,30,residential,0.033,1.268,Link 3-4
M00004,M00003,0.613,30,residential,0.033,1.268,Link 3-4
M00003,M00010,1.168,60,arterial,0.259,1.576,Link 3-10
M00010,M00003,1.168,60,arterial,0.259,1.576,Link 3-10
M00003,M00008,1.268,60,arterial,0.121,1.443,Link 3-8
M00008,M00003,1.268,60,arterial,0.121,1.443,Link 3-8
M00021,M00020,0.649,30,residential,0.644,3.646,Link 21-20
M00020,M00021,0.649,30,residential,0.644,3.646,Link 21-20
M00021,M00027,1.278,60,arterial,0.610,3.277,Link 21-27
M00027,M00021,1.278,60,arterial,0.610,3.277,Link 21-27
M00004,M00010,0.903,30,residential,0.257,2.431,Link 4-10
M00010,M00004,0.903,30,residential,0.257,2.431,Link 4-10
M00004,M00005,1.037,60,arterial,0.318,1.521,Link 4-5
M00005,M00004,1.037,60,arterial,0.318,1.521,Link 4-5
M00006,M00000,0.762,30,residential,0.156,1.806,Link 6-0
M00000,M00006,0.762,30,residential,0.156,1.806,Link 6-0
M00006,M00012,1.079,60,arterial,0.303,1.548,Link 6-12
M00012,M00006,1.079,60,arterial,0.303,1.548,Link 6-12
M00014,M00020,1.018,60,arterial,0.701,3.405,Link 14-20
M00020,M00014,1.018,60,arterial,0.701,3.405,Link 14-20
M00014,M00019,1.058,60,tunnel,0.398,1.757,Link 14-19
M00019,M00014,1.058,60,tunnel,0.398,1.757,Link 14-19
M00000,M00007,1.297,60,arterial,0.224,1.671,Link 0-7
M00007,M00000,1.297,60,arterial,0.224,1.671,Link 0-7
M00000,M00012,1.746,60,arterial,0.029,1.798,Link 0-12
M00012,M00000,1.746,60,arterial,0.029,1.798,Link 0-12
M00027,M00026,0.660,30,residential,0.656,3.837,Link 27-26
M00026,M00027,0.660,30,residential,0.656,3.837,Link 27-26
M00027,M00020,1.407,60,arterial,0.308,2.033,Link 27-20
M00020,M00027,1.407,60,arterial,0.308,2.033,Link 27-20
M00027,M00028,1.480,60,arterial,0.521,3.090,Link 27-28
M00028,M00027,1.480,60,arterial,0.521,3.090,Link 27-28
M00022,M00017,0.717,30,residential,0.447,2.593,Link 22-17
M00017,M00022,0.717,30,residential,0.447,2.593,Link 22-17
M00024,M00018,1.168,60,arterial,0.171,1.409,Link 24-18
M00018,M00024,1.168,60,arterial,0.171,1.409,Link 24-18
M00024,M00019,1.673,60,arterial,0.517,3.464,Link 24-19
M00019,M00024,1.673,60,arterial,0.517,3.464,Link 24-19
M00024,M00026,2.003,60,arterial,0.254,2.685,Link 24-26
M00026,M00024,2.003,60,arterial,0.254,2.685,Link 24-26
M00010,M00011,0.887,30,residential,0.245,2.350,Link 10-11
M00011,M00010,0.887,30,residential,0.245,2.350,Link 10-11
M00018,M00012,0.886,30,residential,0.194,2.199,Link 18-12
M00012,M00018,0.886,30,residential,0.194,2.199,Link 18-12
M00018,M00019,1.213,60,arterial,0.303,1.740,Link 18-19
M00019,M00018,1.213,60,arterial,0.303,1.740,Link 18-19
M00011,M00017,1.231,60,arterial,0.158,1.462,Link 11-17
M00017,M00011,1.231,60,arterial,0.158,1.462,Link 11-17
M00011,M00005,1.431,60,arterial,0.142,1.668,Link 11-5
M00005,M00011,1.431,60,arterial,0.142,1.668,Link 11-5
M00011,M00016,1.628,60,arterial,0.352,2.512,Link 11-16
M00016,M00011,1.628,60,arterial,0.352,2.512,Link 11-16
M00005,M00010,1.231,60,arterial,0.296,1.749,Link 5-10
M00010,M00005,1.231,60,arterial,0.296,1.749,Link 5-10
M00005,M00003,1.649,60,arterial,0.162,1.968,Link 5-3
M00003,M00005,1.649,60,arterial,0.162,1.968,Link 5-3
M00028,M00029,1.078,60,arterial,0.132,1.242,Link 28-29
M00029,M00028,1.078,60,arterial,0.132,1.242,Link 28-29
M00028,M00022,1.397,60,arterial,0.609,3.573,Link 28-22
M00022,M00028,1.397,60,arterial,0.609,3.573,Link 28-22
M00029,M00022,1.265,60,arterial,0.553,2.830,Link 29-22
M00022,M00029,1.265,60,arterial,0.553,2.830,Link 29-22
M00029,M00017,1.427,60,arterial,0.322,2.105,Link 29-17
M00017,M00029,1.427,60,arterial,0.322,2.105,Link 29-17
M00026,M00020,1.233,60,arterial,0.667,3.703,Link 26-20
M00020,M00026,1.233,60,arterial,0.667,3.703,Link 26-20
