id,name,x_km,y_km,zone
M00000,Junction 0,-0.1915,0.1786,north
M00001,Junction 1,1.0760,-0.3330,east
M00002,Junction 2,1.9845,0.2188,south
M00003,Junction 3,3.2732,-0.0325,west
M00004,Junction 4,3.8738,-0.1520,north
M00005,Junction 5,4.8991,-0.3072,east
M00006,Junction 6,-0.3456,0.9246,south
M00007,Junction 7,0.8724,0.9193,west
M00008,Junction 8,2.3266,0.8097,north
M00009,Junction 9,3.2766,0.7840,east
M00010,Junction 10,4.1858,0.6950,south
M00011,Junction 11,4.9626,1.1221,west
M00012,Junction 12,0.1254,1.8950,north
M00013,Junction 13,0.9176,1.9107,east
M00014,Junction 14,1.8803,1.9263,core
M00015,Junction 15,3.2829,2.2891,core
M00016,Junction 16,3.7984,2.2598,core
M00017,Junction 17,4.7092,2.3262,east
M00018,Junction 18,-0.0447,2.7640,south
M00019,Junction 19,1.1662,2.7061,west
M00020,Junction 20,2.2480,2.8750,core
M00021,Junction 21,2.8909,2.9592,core
M00022,Junction 22,4.1883,2.8183,core
M00023,Junction 23,4.9670,3.2410,west
M00024,Junction 24,0.0256,3.9293,north
M00025,Junction 25,0.9231,3.9124,east
M00026,Junction 26,2.0222,4.0862,core
M00027,Junction 27,2.6689,4.2175,west
M00028,Junction 28,4.1486,4.2147,core
M00029,Junction 29,5.0948,3.6994,east
