nodes,edges,algorithm,mean_ms_per_query,mean_nodes_expanded
25,106,dijkstra,0.0363,14.7
25,106,a_star,0.0397,10.3
25,106,bfs_min_hops,0.011,8.8
25,106,bellman_ford,0.1923,4.8
30,128,dijkstra,0.0437,17.8
30,128,a_star,0.0468,12.1
30,128,bfs_min_hops,0.0153,11.7
30,128,bellman_ford,0.2548,5.4
100,428,dijkstra,0.1663,60.7
100,428,a_star,0.156,44.1
100,428,bfs_min_hops,0.0501,43.0
100,428,bellman_ford,1.371,9.1
250,1070,dijkstra,0.3237,129.2
250,1070,a_star,0.315,78.4
250,1070,bfs_min_hops,0.1272,113.0
250,1070,bellman_ford,4.6891,12.6
500,2124,dijkstra,0.868,271.0
500,2124,a_star,0.7055,203.9
500,2124,bfs_min_hops,0.2773,252.3
500,2124,bellman_ford,13.4731,17.8
1000,4228,dijkstra,1.4314,513.0
1000,4228,a_star,1.4213,381.8
1000,4228,bfs_min_hops,0.5353,473.7
1000,4228,bellman_ford,37.8907,25.0
2000,8476,dijkstra,3.1023,1088.8
2000,8476,a_star,2.9495,802.4
2000,8476,bfs_min_hops,1.1627,1002.7
4000,16860,dijkstra,5.9659,1938.2
4000,16860,a_star,5.2747,1384.3
4000,16860,bfs_min_hops,2.3061,1793.2
8000,33764,dijkstra,15.9732,4049.6
8000,33764,a_star,13.2098,2961.8
8000,33764,bfs_min_hops,5.8789,4041.1
